A1,A2
1,P-1
2,P-2
3,P-3
4,P-4
5,P-5
6,P-6
7,P-7
8,P-8
9,P-9
10,P-10
11,P-11
12,P-12
13,P-13
14,P-14
15,P-15
16,P-16
17,P-17
18,P-18
19,P-19
20,P-20
21,P-21
22,P-22
23,P-23
24,P-24
25,P-25
26,P-26
27,P-27
28,P-28
29,P-29
30,P-30
31,P-31
32,P-32
33,P-33
34,P-34
35,P-35
36,P-36
37,P-37
38,P-38
39,P-39
40,P-40
41,P-41
42,P-42
43,P-43
44,P-44
45,P-45
46,P-46
47,P-47
48,P-48
49,P-49
50,P-50
51,P-51
52,P-52
53,P-53
54,P-54
55,P-55
56,P-56
57,P-57
58,P-58
59,P-59
60,P-60
61,P-61
62,P-62
63,P-63
64,P-64
65,P-65
66,P-66
67,P-67
68,P-68
69,P-69
70,P-70
71,P-71
72,P-72
73,P-73
74,P-74
75,P-75
76,P-76
77,P-77
78,P-78
79,P-79
80,P-80
81,P-81
82,P-82
83,P-83
84,P-84
85,P-85
86,P-86
87,P-87
88,P-88
89,P-89
90,P-90
91,P-91
92,P-92
93,P-93
94,P-94
95,P-95
96,P-96
97,P-97
98,P-98
99,P-99
100,P-100